{
  "mode_a_malware_prob": 0.01993253268301487,
  "stage1_prob": 0.15456464886665344,
  "stage2_prob": 0.0015725493431091309
}
