{
  "mode_a_malware_prob": 0.020945003256201744,
  "stage1_prob": 0.11767055839300156,
  "stage2_prob": 0.0007537007331848145
}
