{
  "mode_a_malware_prob": 0.013970054686069489,
  "stage1_prob": 0.10084003210067749,
  "stage2_prob": 0.002313941717147827
}
