{
  "feature_dim": 104,
  "mins": [
    0.0,
    0.0,
    0.0,
    0.0,
    0.0,
    0.0,
    0.0,
    0.0,
    0.0,
    0.0,
    0.0,
    0.0,
    0.0,
    0.0,
    0.0,
    0.0,
    0.0,
    0.0,
    0.0,
    0.0,
    0.0,
    0.0,
    0.0,
    0.0,
    0.0,
    0.0,
    0.0,
    0.0,
    0.4392156862745098,
    0.0,
    0.0,
    0.0,
    0.47058823529411764,
    0.33725490196078434,
    0.20392156862745098,
    0.07058823529411765,
    0.0,
    0.0,
    0.0,
    0.0,
    0.0,
    0.0,
    0.0,
    0.0,
    0.0,
    0.0,
    0.0,
    0.0,
    0.0,
    0.0,
    0.0,
    0.0,
    0.4392156862745098,
    0.0,
    0.0,
    0.0,
    0.0,
    0.0,
    0.0,
    0.0,
    0.0,
    0.0,
    0.0,
    0.0,
    0.0,
    0.0,
    0.0,
    0.0,
    0.0,
    0.0,
    0.0,
    0.0,
    0.0,
    0.0,
    0.0,
    0.0,
    0.0,
    0.0,
    0.0,
    0.0,
    0.0,
    0.0,
    0.0,
    0.0,
    0.0,
    0.0,
    0.0,
    0.0,
    0.0,
    0.0,
    0.0,
    0.0,
    0.0,
    0.0,
    0.0,
    0.0,
    0.0,
    0.0,
    0.0,
    0.0,
    0.0,
    0.0,
    0.0,
    0.0
  ],
  "maxs": [
    55.35686274509803,
    62.51372549019608,
    55.003921568627455,
    57.76862745098039,
    55.262745098039225,
    55.12941176470591,
    59.44705882352941,
    58.592156862745085,
    59.701960784313705,
    57.98823529411765,
    60.97647058823528,
    65.7176470588235,
    65.52549019607844,
    61.73725490196078,
    60.32549019607845,
    59.31764705882353,
    59.341176470588245,
    63.541176470588205,
    61.64313725490196,
    62.662745098039196,
    63.96078431372548,
    62.529411764705884,
    57.09803921568629,
    53.160784313725514,
    55.45098039215678,
    42.35294117647061,
    2.380392156862745,
    0.011764705882352941,
    51.82745098039204,
    0.0,
    0.0,
    0.0,
    55.52941176470574,
    39.79607843137248,
    24.062745098039166,
    8.329411764705872,
    0.9372549019607843,
    0.7843137254901961,
    0.011764705882352941,
    0.0,
    0.9882352941176471,
    0.9764705882352941,
    0.0196078431372549,
    0.0,
    55.796078431372464,
    41.96862745098038,
    2.380392156862745,
    0.00392156862745098,
    59.36078431372548,
    5.329411764705882,
    0.00392156862745098,
    0.0,
    51.82745098039204,
    0.0,
    0.0,
    0.0,
    40.39607843137254,
    0.7647058823529411,
    0.0,
    0.0,
    61.38039215686264,
    13.941176470588228,
    0.06666666666666667,
    0.0,
    41.94901960784317,
    0.8941176470588236,
    0.0,
    0.0,
    60.32941176470578,
    14.686274509803916,
    0.0784313725490196,
    0.0,
    34.09803921568625,
    7.545098039215687,
    0.0,
    0.0,
    58.211764705882274,
    18.678431372549014,
    0.11372549019607843,
    0.0,
    49.486274509803934,
    4.023529411764706,
    0.00392156862745098,
    0.0,
    58.46274509803912,
    21.19215686274508,
    0.3529411764705883,
    0.0,
    26.364705882352933,
    0.5058823529411764,
    0.0,
    0.0,
    60.8156862745097,
    27.2470588235294,
    0.4705882352941177,
    0.0,
    60.51764705882343,
    43.427450980392145,
    1.827450980392157,
    0.011764705882352941,
    60.188235294117554,
    28.788235294117623,
    0.5294117647058822,
    0.0
  ],
  "multidex_mode": "sum",
  "dex_pattern": "^classes(\\d*)\\.dex$",
  "cache_version": 2,
  "num_samples": 13528,
  "apk_root": "/mnt/Files/thesis_full_dataset",
  "max_dex": 3,
  "dex_file_counts": {
    "1": 9743,
    "2": 2250,
    "3": 571,
    "4": 416,
    "5": 402,
    "6": 58,
    "7": 9,
    "8": 4,
    "9": 9,
    "10": 9,
    "11": 18,
    "12": 8,
    "13": 7,
    "17": 2,
    "18": 4,
    "19": 2,
    "22": 1,
    "23": 2,
    "24": 8,
    "26": 1,
    "27": 1,
    "29": 1,
    "54": 1,
    "118": 1
  },
  "source": "deployed_mlp_header",
  "source_path": "/mnt/Files/thesis_vigidroid/vigidroid/app/src/main/assets/models/mlp_header/features/normalization_header.json",
  "source_sha256": "9c095f6b0dd15af9cc8e7376b15a2fa4ff4659d0910fd1586541623fb4de215e"
}
