{
  "mode_a_malware_prob": 0.01851956732571125,
  "stage1_prob": 0.05886175483465195,
  "stage2_prob": 0.111784428358078
}
