{
  "mode_a_malware_prob": 0.2534092664718628,
  "stage1_prob": 0.6169571280479431,
  "stage2_prob": 0.004591643810272217
}
