{
  "feature_dim": 104,
  "mins": [
    0.0,
    0.0,
    0.0,
    0.0,
    0.0,
    0.0,
    0.0,
    0.0,
    0.0,
    0.0,
    0.0,
    0.0,
    0.0,
    0.0,
    0.0,
    0.0,
    0.0,
    0.0,
    0.0,
    0.0,
    0.0,
    0.0,
    0.0,
    0.0,
    0.0,
    0.0,
    0.0,
    0.0,
    0.4392156862745098,
    0.0,
    0.0,
    0.0,
    0.47058823529411764,
    0.33725490196078434,
    0.20392156862745098,
    0.07058823529411765,
    0.0,
    0.0,
    0.0,
    0.0,
    0.0,
    0.0,
    0.0,
    0.0,
    0.0,
    0.0,
    0.0,
    0.0,
    0.0,
    0.0,
    0.0,
    0.0,
    0.4392156862745098,
    0.0,
    0.0,
    0.0,
    0.0,
    0.0,
    0.0,
    0.0,
    0.0,
    0.0,
    0.0,
    0.0,
    0.0,
    0.0,
    0.0,
    0.0,
    0.0,
    0.0,
    0.0,
    0.0,
    0.0,
    0.0,
    0.0,
    0.0,
    0.0,
    0.0,
    0.0,
    0.0,
    0.0,
    0.0,
    0.0,
    0.0,
    0.0,
    0.0,
    0.0,
    0.0,
    0.0,
    0.0,
    0.0,
    0.0,
    0.0,
    0.0,
    0.0,
    0.0,
    0.0,
    0.0,
    0.0,
    0.0,
    0.0,
    0.0,
    0.0,
    0.0
  ],
  "maxs": [
    27.333333333333332,
    25.568627450980387,
    26.039215686274506,
    23.07058823529411,
    25.172549019607846,
    27.65882352941176,
    26.356862745098045,
    27.027450980392164,
    31.03529411764706,
    29.54901960784314,
    27.945098039215686,
    25.839215686274507,
    28.37647058823529,
    25.87058823529411,
    26.352941176470587,
    27.96470588235294,
    27.39607843137254,
    25.254901960784316,
    28.827450980392157,
    31.105882352941187,
    24.925490196078425,
    24.862745098039213,
    24.72549019607842,
    27.35294117647059,
    28.26666666666667,
    20.188235294117643,
    2.380392156862745,
    0.00392156862745098,
    23.71764705882351,
    0.0,
    0.0,
    0.0,
    25.41176470588232,
    18.211764705882356,
    11.011764705882348,
    3.811764705882357,
    0.7098039215686275,
    0.011764705882352941,
    0.011764705882352941,
    0.0,
    0.9882352941176471,
    0.9764705882352941,
    0.0196078431372549,
    0.0,
    22.77647058823529,
    19.917647058823526,
    2.380392156862745,
    0.00392156862745098,
    30.61960784313726,
    5.329411764705882,
    0.00392156862745098,
    0.0,
    23.71764705882351,
    0.0,
    0.0,
    0.0,
    17.113725490196078,
    0.7647058823529411,
    0.0,
    0.0,
    26.72941176470589,
    5.592156862745098,
    0.06666666666666667,
    0.0,
    19.55294117647059,
    0.8941176470588236,
    0.0,
    0.0,
    29.929411764705883,
    5.254901960784315,
    0.0784313725490196,
    0.0,
    15.44705882352941,
    7.545098039215687,
    0.0,
    0.0,
    23.623529411764704,
    7.733333333333334,
    0.11372549019607843,
    0.0,
    22.792156862745102,
    4.023529411764706,
    0.00392156862745098,
    0.0,
    27.73333333333334,
    8.450980392156863,
    0.3529411764705883,
    0.0,
    9.572549019607843,
    0.5058823529411764,
    0.0,
    0.0,
    25.34901960784313,
    10.647058823529411,
    0.4705882352941177,
    0.0,
    24.643137254901966,
    19.643137254901962,
    1.827450980392157,
    0.0,
    25.709803921568625,
    11.501960784313727,
    0.5294117647058822,
    0.0
  ],
  "num_train_apks": 12000,
  "dex_failures": 0,
  "multidex_mode": "sum"
}