{
  "mode_a_malware_prob": 0.018204012885689735,
  "stage1_prob": 0.11767055839300156,
  "stage2_prob": 0.001192539930343628
}
