{
  "mode_a_malware_prob": 0.9972848892211914,
  "stage1_prob": 0.9791252017021179,
  "stage2_prob": 0.9997043013572693
}
