{
  "mode_a_malware_prob": 0.9992327690124512,
  "stage1_prob": 0.8819549083709717,
  "stage2_prob": 0.9998724460601807
}
