{
  "mode_a_malware_prob": 0.9444588422775269,
  "stage1_prob": 0.9164924621582031,
  "stage2_prob": 0.012598305940628052
}
