{
  "mode_a_malware_prob": 0.015244283713400364,
  "stage1_prob": 0.34557777643203735,
  "stage2_prob": 0.0004990994930267334
}
